<?xml version="1.0" encoding="UTF-8"?>
<project xmlns="http://maven.apache.org/POM/4.0.0" xmlns:xsi="http://www.w3.org/2001/XMLSchema-instance" xsi:schemaLocation="http://maven.apache.org/POM/4.0.0 http://maven.apache.org/maven-v4_0_0.xsd">
  <modelVersion>4.0.0</modelVersion>
  <groupId>cs6240</groupId>
  <artifactId>spark-demo</artifactId>
  <name>spark-demo</name>
  <version>1.0</version>
  <build>
    <sourceDirectory>src/main/scala</sourceDirectory>
    <plugins>
      <plugin>
        <groupId>net.alchim31.maven</groupId>
        <artifactId>scala-maven-plugin</artifactId>
        <version>3.3.1</version>
        <executions>
          <execution>
            <goals>
              <goal>compile</goal>
            </goals>
          </execution>
        </executions>
        <configuration>
          <scalaVersion>${scala.version}</scalaVersion>
        </configuration>
      </plugin>
      <plugin>
        <artifactId>maven-shade-plugin</artifactId>
        <version>3.1.0</version>
        <executions>
          <execution>
            <phase>package</phase>
            <goals>
              <goal>shade</goal>
            </goals>
          </execution>
        </executions>
      </plugin>
    </plugins>
  </build>
  <dependencies>
    <dependency>
      <groupId>org.scala-lang</groupId>
      <artifactId>scala-library</artifactId>
      <version>2.12.17</version>
      <scope>provided</scope>
    </dependency>
    <dependency>
      <groupId>org.apache.spark</groupId>
      <artifactId>spark-core_2.12</artifactId>
      <version>3.3.2</version>
      <scope>provided</scope>
      <exclusions>
        <exclusion>
          <artifactId>avro</artifactId>
          <groupId>org.apache.avro</groupId>
        </exclusion>
        <exclusion>
          <artifactId>avro-mapred</artifactId>
          <groupId>org.apache.avro</groupId>
        </exclusion>
        <exclusion>
          <artifactId>chill_2.12</artifactId>
          <groupId>com.twitter</groupId>
        </exclusion>
        <exclusion>
          <artifactId>chill-java</artifactId>
          <groupId>com.twitter</groupId>
        </exclusion>
        <exclusion>
          <artifactId>xbean-asm9-shaded</artifactId>
          <groupId>org.apache.xbean</groupId>
        </exclusion>
        <exclusion>
          <artifactId>hadoop-client-api</artifactId>
          <groupId>org.apache.hadoop</groupId>
        </exclusion>
        <exclusion>
          <artifactId>hadoop-client-runtime</artifactId>
          <groupId>org.apache.hadoop</groupId>
        </exclusion>
        <exclusion>
          <artifactId>spark-launcher_2.12</artifactId>
          <groupId>org.apache.spark</groupId>
        </exclusion>
        <exclusion>
          <artifactId>spark-kvstore_2.12</artifactId>
          <groupId>org.apache.spark</groupId>
        </exclusion>
        <exclusion>
          <artifactId>spark-network-common_2.12</artifactId>
          <groupId>org.apache.spark</groupId>
        </exclusion>
        <exclusion>
          <artifactId>spark-network-shuffle_2.12</artifactId>
          <groupId>org.apache.spark</groupId>
        </exclusion>
        <exclusion>
          <artifactId>spark-unsafe_2.12</artifactId>
          <groupId>org.apache.spark</groupId>
        </exclusion>
        <exclusion>
          <artifactId>activation</artifactId>
          <groupId>javax.activation</groupId>
        </exclusion>
        <exclusion>
          <artifactId>curator-recipes</artifactId>
          <groupId>org.apache.curator</groupId>
        </exclusion>
        <exclusion>
          <artifactId>zookeeper</artifactId>
          <groupId>org.apache.zookeeper</groupId>
        </exclusion>
        <exclusion>
          <artifactId>jakarta.servlet-api</artifactId>
          <groupId>jakarta.servlet</groupId>
        </exclusion>
        <exclusion>
          <artifactId>commons-codec</artifactId>
          <groupId>commons-codec</groupId>
        </exclusion>
        <exclusion>
          <artifactId>commons-lang3</artifactId>
          <groupId>org.apache.commons</groupId>
        </exclusion>
        <exclusion>
          <artifactId>commons-math3</artifactId>
          <groupId>org.apache.commons</groupId>
        </exclusion>
        <exclusion>
          <artifactId>commons-text</artifactId>
          <groupId>org.apache.commons</groupId>
        </exclusion>
        <exclusion>
          <artifactId>commons-io</artifactId>
          <groupId>commons-io</groupId>
        </exclusion>
        <exclusion>
          <artifactId>commons-collections</artifactId>
          <groupId>commons-collections</groupId>
        </exclusion>
        <exclusion>
          <artifactId>commons-collections4</artifactId>
          <groupId>org.apache.commons</groupId>
        </exclusion>
        <exclusion>
          <artifactId>jsr305</artifactId>
          <groupId>com.google.code.findbugs</groupId>
        </exclusion>
        <exclusion>
          <artifactId>slf4j-api</artifactId>
          <groupId>org.slf4j</groupId>
        </exclusion>
        <exclusion>
          <artifactId>jul-to-slf4j</artifactId>
          <groupId>org.slf4j</groupId>
        </exclusion>
        <exclusion>
          <artifactId>jcl-over-slf4j</artifactId>
          <groupId>org.slf4j</groupId>
        </exclusion>
        <exclusion>
          <artifactId>log4j-slf4j-impl</artifactId>
          <groupId>org.apache.logging.log4j</groupId>
        </exclusion>
        <exclusion>
          <artifactId>log4j-api</artifactId>
          <groupId>org.apache.logging.log4j</groupId>
        </exclusion>
        <exclusion>
          <artifactId>log4j-core</artifactId>
          <groupId>org.apache.logging.log4j</groupId>
        </exclusion>
        <exclusion>
          <artifactId>log4j-1.2-api</artifactId>
          <groupId>org.apache.logging.log4j</groupId>
        </exclusion>
        <exclusion>
          <artifactId>compress-lzf</artifactId>
          <groupId>com.ning</groupId>
        </exclusion>
        <exclusion>
          <artifactId>snappy-java</artifactId>
          <groupId>org.xerial.snappy</groupId>
        </exclusion>
        <exclusion>
          <artifactId>lz4-java</artifactId>
          <groupId>org.lz4</groupId>
        </exclusion>
        <exclusion>
          <artifactId>zstd-jni</artifactId>
          <groupId>com.github.luben</groupId>
        </exclusion>
        <exclusion>
          <artifactId>RoaringBitmap</artifactId>
          <groupId>org.roaringbitmap</groupId>
        </exclusion>
        <exclusion>
          <artifactId>scala-xml_2.12</artifactId>
          <groupId>org.scala-lang.modules</groupId>
        </exclusion>
        <exclusion>
          <artifactId>scala-reflect</artifactId>
          <groupId>org.scala-lang</groupId>
        </exclusion>
        <exclusion>
          <artifactId>json4s-jackson_2.12</artifactId>
          <groupId>org.json4s</groupId>
        </exclusion>
        <exclusion>
          <artifactId>jersey-client</artifactId>
          <groupId>org.glassfish.jersey.core</groupId>
        </exclusion>
        <exclusion>
          <artifactId>jersey-common</artifactId>
          <groupId>org.glassfish.jersey.core</groupId>
        </exclusion>
        <exclusion>
          <artifactId>jersey-server</artifactId>
          <groupId>org.glassfish.jersey.core</groupId>
        </exclusion>
        <exclusion>
          <artifactId>jersey-container-servlet</artifactId>
          <groupId>org.glassfish.jersey.containers</groupId>
        </exclusion>
        <exclusion>
          <artifactId>jersey-container-servlet-core</artifactId>
          <groupId>org.glassfish.jersey.containers</groupId>
        </exclusion>
        <exclusion>
          <artifactId>jersey-hk2</artifactId>
          <groupId>org.glassfish.jersey.inject</groupId>
        </exclusion>
        <exclusion>
          <artifactId>netty-all</artifactId>
          <groupId>io.netty</groupId>
        </exclusion>
        <exclusion>
          <artifactId>stream</artifactId>
          <groupId>com.clearspring.analytics</groupId>
        </exclusion>
        <exclusion>
          <artifactId>metrics-core</artifactId>
          <groupId>io.dropwizard.metrics</groupId>
        </exclusion>
        <exclusion>
          <artifactId>metrics-jvm</artifactId>
          <groupId>io.dropwizard.metrics</groupId>
        </exclusion>
        <exclusion>
          <artifactId>metrics-json</artifactId>
          <groupId>io.dropwizard.metrics</groupId>
        </exclusion>
        <exclusion>
          <artifactId>metrics-graphite</artifactId>
          <groupId>io.dropwizard.metrics</groupId>
        </exclusion>
        <exclusion>
          <artifactId>metrics-jmx</artifactId>
          <groupId>io.dropwizard.metrics</groupId>
        </exclusion>
        <exclusion>
          <artifactId>jackson-databind</artifactId>
          <groupId>com.fasterxml.jackson.core</groupId>
        </exclusion>
        <exclusion>
          <artifactId>jackson-module-scala_2.12</artifactId>
          <groupId>com.fasterxml.jackson.module</groupId>
        </exclusion>
        <exclusion>
          <artifactId>ivy</artifactId>
          <groupId>org.apache.ivy</groupId>
        </exclusion>
        <exclusion>
          <artifactId>oro</artifactId>
          <groupId>oro</groupId>
        </exclusion>
        <exclusion>
          <artifactId>pickle</artifactId>
          <groupId>net.razorvine</groupId>
        </exclusion>
        <exclusion>
          <artifactId>py4j</artifactId>
          <groupId>net.sf.py4j</groupId>
        </exclusion>
        <exclusion>
          <artifactId>spark-tags_2.12</artifactId>
          <groupId>org.apache.spark</groupId>
        </exclusion>
        <exclusion>
          <artifactId>commons-crypto</artifactId>
          <groupId>org.apache.commons</groupId>
        </exclusion>
        <exclusion>
          <artifactId>unused</artifactId>
          <groupId>org.spark-project.spark</groupId>
        </exclusion>
      </exclusions>
    </dependency>
  </dependencies>
  <properties>
    <spark.version>3.3.2</spark.version>
    <scala.version>2.12.17</scala.version>
    <encoding>UTF-8</encoding>
  </properties>
</project>

